timestamp,original_prompt,enhanced_prompt,model_used,metrics,suggestions
2025-01-28T01:20:21.744467,Compose a follow-up email to a customer regarding their delayed order.,"## Objective
Compose a follow-up email to a customer regarding their delayed order. The email should be apologetic, informative, and provide a clear resolution timeline.

## Requirements
- Tone: Apologetic and informative
- Key Points:
  - Acknowledge the delay
  - Explain the reason for the delay (if known)
  - Provide a new delivery date or resolution timeline
  - Offer compensation or goodwill gesture (optional)

## Expected Output
A well-structured email with the following sections:
- Subject Line: Clear and concise
- Greeting: Personalized
- Body: Acknowledge the delay, explain the reason, provide a new delivery date, and offer compensation (if applicable)
- Closing: Apologize again and provide contact information for further inquiries

## Example
Subject: Update on Your Delayed Order [Order Number]

Dear [Customer Name],

We sincerely apologize for the delay in shipping your order [Order Number]. Due to [Reason for Delay], we are currently experiencing longer processing times than usual.

We are pleased to inform you that your order is now scheduled to be delivered by [New Delivery Date]. As a token of our apology, we would like to offer you [Compensation or Goodwill Gesture].

If you have any further questions or concerns, please do not hesitate to contact us at [Contact Information].

Once again, we apologize for any inconvenience this may have caused and thank you for your patience and understanding.

Best regards,
[Your Name]
[Your Position]
[Company Name]",,"{""clarity"": {""score"": 0.7, ""description"": ""The prompt is clear in its request for a follow-up email but lacks specificity regarding the tone, length, and key points to include."", ""suggestions"": [""Specify the desired tone (e.g., apologetic, informative)."", ""Include key points that must be addressed in the email, such as the reason for the delay and the expected resolution.""]}, ""structure"": {""score"": 0.8, ""description"": ""The prompt is straightforward but could benefit from a more structured approach to guide the creation of the email."", ""suggestions"": [""Break down the task into sub-steps, such as identifying the reason for the delay, drafting an apology, and providing a resolution timeline.""]}, ""examples"": {""score"": 0.5, ""description"": ""No examples were provided, which could help illustrate the expected output."", ""suggestions"": [""Include an example follow-up email with placeholders for specific details like the customer's name, order number, and new delivery date.""]}, ""formatting"": {""score"": 0.9, ""description"": ""The prompt is well-formatted and easy to read, though it could use markdown for better organization."", ""suggestions"": [""Use markdown headings to separate different sections of the prompt, such as 'Objective', 'Requirements', and 'Expected Output'.""]}, ""output_spec"": {""score"": 0.6, ""description"": ""The prompt does not specify the format or structure of the output email."", ""suggestions"": [""Specify that the output should be a well-structured email with a clear subject line, greeting, body, and closing.""]}}","[""Enhance the prompt by specifying the tone, key points, and structure of the follow-up email. Include an example to illustrate the expected output.""]"
2025-01-28T01:22:08.230633,"The task is to compare the prompt of original versus the refined prompt. 

# Input
{context}

# Input format
You would receive something like this:","# Task: Compare Original vs. Refined Prompts

## Objective
Compare the original prompt with its refined version to identify improvements in clarity, structure, and output specifications.

## Input
- **Context**: No additional context provided.

## Guidelines
- **Task Understanding**: Clearly define the objectives, requirements, and expected output of the comparison.
- **Reasoning Order**: Ensure reasoning steps precede conclusions. Label sections explicitly.
- **Examples**: Include examples with placeholders for complex elements.
- **Clarity & Conciseness**: Use specific, actionable language.
- **Formatting**: Use markdown for headings and lists to enhance readability.
- **Output Format**: Respond in JSON format, detailing metrics and suggestions.

## Output Format
{
    ""metrics"": {
        ""clarity"": {
            ""score"": float(0-1),
            ""description"": ""Evaluation of prompt clarity and specificity"",
            ""suggestions"": [""Specific improvements for clarity""]
        },
        ""structure"": {
            ""score"": float(0-1),
            ""description"": ""Assessment of reasoning flow and organization"",
            ""suggestions"": [""Structure improvement suggestions""]
        },
        ""examples"": {
            ""score"": float(0-1),
            ""description"": ""Quality and usefulness of examples"",
            ""suggestions"": [""Example enhancement recommendations""]
        },
        ""formatting"": {
            ""score"": float(0-1),
            ""description"": ""Markdown and presentation evaluation"",
            ""suggestions"": [""Formatting improvement suggestions""]
        },
        ""output_spec"": {
            ""score"": float(0-1),
            ""description"": ""Clarity of output specifications"",
            ""suggestions"": [""Output format enhancement suggestions""]
        }
    },
    ""suggestions"": [""Overall improvement recommendations""],
    ""original_prompt"": ""Original prompt provided by the user"",
    ""enhanced_prompt"": ""Complete enhanced version of the prompt""
}",,"{""clarity"": {""score"": 0.7, ""description"": ""The original prompt is somewhat clear but lacks specificity in defining the task and expected output."", ""suggestions"": [""Specify the exact nature of the comparison between original and refined prompts."", ""Clarify the expected output format and structure.""]}, ""structure"": {""score"": 0.6, ""description"": ""The prompt's structure is basic and could benefit from a more organized flow, especially in detailing the steps for comparison."", ""suggestions"": [""Introduce a clear sequence of steps for the comparison task."", ""Label sections explicitly for better navigation.""]}, ""examples"": {""score"": 0.5, ""description"": ""No examples were provided, which could help in understanding the task better."", ""suggestions"": [""Include examples demonstrating the comparison between original and refined prompts."", ""Use placeholders for complex elements to guide the task.""]}, ""formatting"": {""score"": 0.8, ""description"": ""The prompt uses basic formatting but could improve with markdown for better readability."", ""suggestions"": [""Use headings and lists to organize the prompt more effectively."", ""Avoid code blocks unless explicitly necessary.""]}, ""output_spec"": {""score"": 0.6, ""description"": ""The output specifications are mentioned but not detailed enough for clarity."", ""suggestions"": [""Detail the expected output format, including any specific syntax or structure."", ""Clarify if the output should include metrics, suggestions, or both.""]}}","[""Enhance the prompt by detailing the comparison process and expected outcomes."", ""Include structured examples to guide the task."", ""Improve formatting with markdown for better readability."", ""Specify output requirements more clearly to ensure clarity and usefulness.""]"
2025-01-28T01:24:30.535405,Compose a follow-up email to a customer regarding their delayed order.,"Compose a follow-up email to a customer regarding their delayed order. The email should be written in a professional and apologetic tone, and include the following sections:
1. **Opening Apology**: Start with a sincere apology for the delay.
2. **Explanation of Delay**: Briefly explain the reason for the delay without going into unnecessary detail.
3. **New Delivery Details**: Provide the new expected delivery date and any relevant tracking information.
4. **Compensation or Goodwill Gesture**: Offer a compensation or goodwill gesture, such as a discount on their next purchase or free shipping.
5. **Closing Remarks**: End with a thank you for their patience and understanding, and a contact method for further inquiries.

**Example**:
Subject: Update on Your Recent Order

Dear [Customer Name],

We sincerely apologize for the delay in shipping your recent order ([Order Number]). Due to [Reason for Delay], your order is now expected to arrive by [New Delivery Date].

As a token of our apology, we would like to offer you [Compensation or Goodwill Gesture].

Thank you for your patience and understanding. If you have any further questions, please feel free to contact us at [Contact Information].

Best regards,
[Your Name]
[Your Position]
[Company Name]",,"{""clarity"": {""score"": 0.7, ""description"": ""The original prompt is clear in its intent but lacks specificity regarding the tone, length, and key elements to include in the email."", ""suggestions"": [""Specify the desired tone (e.g., apologetic, professional), mention any key details to include (e.g., new delivery date, compensation offer), and indicate the preferred length of the email.""]}, ""structure"": {""score"": 0.8, ""description"": ""The prompt is straightforward but could benefit from a more structured approach to guide the composition of the email."", ""suggestions"": [""Break down the task into sub-steps: opening apology, explanation of delay, new delivery details, compensation or goodwill gesture, and closing remarks.""]}, ""examples"": {""score"": 0.5, ""description"": ""No examples were provided, which could help illustrate the expected output."", ""suggestions"": [""Include an example email with placeholders for specific details like customer name, order number, and new delivery date to guide the composition.""]}, ""formatting"": {""score"": 0.9, ""description"": ""The prompt is presented in a clear, straightforward manner without unnecessary formatting."", ""suggestions"": [""Consider using markdown to structure the enhanced prompt for better readability.""]}, ""output_spec"": {""score"": 0.6, ""description"": ""The output specification is implied but not explicitly stated, which could lead to variability in responses."", ""suggestions"": [""Explicitly state the expected format of the email, including any required sections or placeholders.""]}}","[""Enhance the prompt by specifying the tone, key elements to include, and the structure of the email. Provide an example to illustrate the expected output."", ""Use markdown formatting to structure the enhanced prompt for better readability."", ""Explicitly state the expected format of the email, including any required sections or placeholders.""]"
2025-01-28T01:27:30.878077,Compose a follow-up email to a customer regarding their delayed order.,"Compose a follow-up email to a customer regarding their delayed order. The email should be written in a professional and apologetic tone, include an explanation for the delay, a new delivery date, and any compensation if applicable. Structure the email with an introduction, explanation, resolution, and closing. Here is an example:

Subject: Update on Your Recent Order

Dear [Customer Name],

We sincerely apologize for the delay in shipping your recent order. Due to [reason for delay], your order is now expected to arrive by [new delivery date]. As a token of our apology, we are offering [compensation details].

Thank you for your understanding and patience. If you have any further questions, please do not hesitate to contact us.

Best regards,
[Your Name]
[Your Position]
[Company Name]",,"{""clarity"": {""score"": 0.6, ""description"": ""The original prompt is clear in its intent but lacks specificity regarding the tone, length, and key elements to include in the email."", ""suggestions"": [""Specify the desired tone (e.g., apologetic, professional), mention any key information to include (e.g., new delivery date, compensation), and indicate the preferred length of the email.""]}, ""structure"": {""score"": 0.5, ""description"": ""The prompt is straightforward but lacks a structured approach to guide the composition of the email."", ""suggestions"": [""Introduce a structured approach by suggesting an outline for the email, including an introduction, explanation, resolution, and closing.""]}, ""examples"": {""score"": 0.0, ""description"": ""No examples were provided in the original prompt."", ""suggestions"": [""Include an example of a follow-up email to illustrate the desired tone, structure, and content.""]}, ""formatting"": {""score"": 0.7, ""description"": ""The prompt is presented in plain text without any formatting, which is acceptable but could be improved for readability."", ""suggestions"": [""Use markdown formatting to enhance readability, such as headings for different sections of the prompt.""]}, ""output_spec"": {""score"": 0.5, ""description"": ""The output specification is implied but not explicitly stated, leading to potential ambiguity in the expected format of the email."", ""suggestions"": [""Explicitly state the expected format of the email, such as a short paragraph or a structured email with specific sections.""]}}","[""Enhance the prompt by specifying the tone, key elements to include, and the structure of the email."", ""Include an example of a follow-up email to guide the composition."", ""Use markdown formatting to improve the readability of the prompt."", ""Explicitly state the expected format of the email to avoid ambiguity.""]"
2025-01-28T01:29:39.001603,Compose a follow-up email to a customer regarding their delayed order.,"Compose a follow-up email to a customer regarding their delayed order. The email should be apologetic in tone, approximately 150-200 words in length, and include the following sections: an apology for the delay, the reason for the delay, the expected delivery date, and a thank you for the customer's patience. Use placeholders for specific details such as the customer's name and order number. Example: 'Dear [Customer Name], We sincerely apologize for the delay in shipping your order [Order Number]. Due to [Reason for Delay], your order is now expected to arrive by [Expected Delivery Date]. We appreciate your patience and understanding. Thank you, [Your Company Name]'.",,"{""clarity"": {""score"": 0.6, ""description"": ""The original prompt is clear in its intent but lacks specificity regarding the tone, length, and any particular details to include in the email."", ""suggestions"": [""Specify the tone (e.g., apologetic, informative), desired length of the email, and any specific details to include (e.g., order number, expected delivery date).""]}, ""structure"": {""score"": 0.5, ""description"": ""The prompt is straightforward but lacks a structured approach to guide the composition of the email."", ""suggestions"": [""Introduce a structured approach by specifying sections or key points to cover in the email (e.g., apology, reason for delay, next steps).""]}, ""examples"": {""score"": 0.0, ""description"": ""No examples were provided with the original prompt."", ""suggestions"": [""Include 1-2 examples of follow-up emails with placeholders for specific details (e.g., customer name, order number).""]}, ""formatting"": {""score"": 0.8, ""description"": ""The prompt is presented in a straightforward manner, but could benefit from markdown formatting for better readability."", ""suggestions"": [""Use markdown formatting (e.g., headings, lists) to organize the prompt and make it more readable.""]}, ""output_spec"": {""score"": 0.5, ""description"": ""The prompt does not specify the desired output format or structure."", ""suggestions"": [""Specify the desired output format (e.g., a short paragraph, a structured email with specific sections).""]}}","[""Enhance the prompt by specifying the tone, length, and specific details to include in the email."", ""Introduce a structured approach to guide the composition of the email."", ""Include examples with placeholders for specific details."", ""Use markdown formatting for better readability."", ""Specify the desired output format or structure.""]"
2025-01-28T01:41:05.592257,"Compose a follow-up email to a customer regarding their delayed order.
","Compose a follow-up email to a customer regarding their delayed order. The email should be professional and apologetic in tone, include the customer's name, order number, reason for the delay, new delivery date, and a thank you note for their patience. Structure the email as follows: 1. Apology for the delay, 2. Reason for the delay, 3. New delivery date, 4. Thank you note. Example: Dear [Customer Name], We apologize for the delay in your order [Order Number]. Due to [Reason for Delay], your new delivery date is [New Delivery Date]. Thank you for your patience and understanding. Sincerely, [Your Name]",,"{""clarity"": {""score"": 0.7, ""description"": ""The original prompt is clear in its intent but lacks specificity regarding the tone, length, and key elements to include in the email."", ""suggestions"": [""Specify the desired tone (e.g., apologetic, professional), mention key elements to include (e.g., order number, new delivery date), and suggest a length for the email.""]}, ""structure"": {""score"": 0.8, ""description"": ""The prompt is straightforward but could benefit from a more structured approach to guide the composition of the email."", ""suggestions"": [""Introduce a structure for the email, such as starting with an apology, followed by the reason for the delay, the new delivery date, and closing with a thank you note.""]}, ""examples"": {""score"": 0.5, ""description"": ""No examples were provided, which could help in understanding the expected output better."", ""suggestions"": [""Include an example email with placeholders for specific details like the customer's name, order number, and new delivery date.""]}, ""formatting"": {""score"": 0.9, ""description"": ""The prompt is presented in a clear, straightforward manner without unnecessary formatting."", ""suggestions"": [""Maintain the simplicity but consider using markdown for headings if adding more structure or examples.""]}, ""output_spec"": {""score"": 0.6, ""description"": ""The output specification is implied but not explicitly stated, which could lead to varied interpretations."", ""suggestions"": [""Explicitly state the expected output format, such as a short paragraph or a structured email with specific sections.""]}}","[""Enhance the prompt by specifying the tone, key elements to include, and the structure of the email."", ""Provide an example email with placeholders to guide the composition."", ""Explicitly state the expected output format to ensure consistency.""]"
2025-01-28T01:48:43.978845,Compose a congratulatory email for a colleague who just received a promotion.,"Compose a congratulatory email for a colleague who just received a promotion. The email should be formal in tone, approximately 100-150 words in length, and include the following key points: mention of the new role, personal congratulations, and future wishes. Use the placeholders [Colleague's Name], [New Position], and [Specific Achievement] for personalization. Respond with the email in a short paragraph format.

**Examples:**
1. Dear [Colleague's Name], I was thrilled to hear about your promotion to [New Position]. Your hard work and dedication have truly paid off, and I have no doubt you will excel in this new role. Congratulations on this well-deserved achievement, and I look forward to seeing all the great things you will accomplish. Best wishes for continued success!
2. Congratulations, [Colleague's Name], on your promotion to [New Position]! This is a testament to your [Specific Achievement] and the incredible impact you've made. Wishing you all the best as you take on this exciting new chapter. Here's to your continued success and achievements!",,"{""clarity"": {""score"": 0.8, ""description"": ""The original prompt is clear in its intent but lacks specificity regarding the tone, length, and key points to include in the email."", ""suggestions"": [""Specify the desired tone (e.g., formal, informal), length (e.g., short, medium), and key points (e.g., mention of the new role, personal congratulations, future wishes) to include in the email.""]}, ""structure"": {""score"": 0.9, ""description"": ""The prompt is straightforward and well-structured, directly asking for a specific task without unnecessary complexity."", ""suggestions"": [""Maintain the simplicity and directness of the prompt while adding more detailed instructions for clarity.""]}, ""examples"": {""score"": 0.0, ""description"": ""No examples were provided in the original prompt."", ""suggestions"": [""Include 1-2 examples of congratulatory emails with placeholders for personalization (e.g., [Colleague's Name], [New Position], [Specific Achievement]).""]}, ""formatting"": {""score"": 0.9, ""description"": ""The prompt is presented in a clear and concise manner, though it could benefit from markdown formatting for better readability."", ""suggestions"": [""Use markdown headings or bullet points to organize the prompt more effectively, especially when adding more detailed instructions or examples.""]}, ""output_spec"": {""score"": 0.7, ""description"": ""The output specification is implied but not explicitly stated, leaving room for interpretation on the format and content of the email."", ""suggestions"": [""Explicitly state the desired output format (e.g., 'Respond with a congratulatory email in a short paragraph format') and any specific content requirements.""]}}","[""Enhance the prompt by specifying the tone, length, and key points for the email. Include examples with placeholders for personalization. Use markdown formatting for better readability. Explicitly state the desired output format and content requirements.""]"
2025-01-28T01:57:45.679630,Compose a congratulatory email for a colleague who just received a promotion.,"Compose a congratulatory email for a colleague who just received a promotion. The email should have a formal tone, be approximately 150-200 words in length, and highlight the colleague's key achievements and qualities that contributed to their promotion. Include a subject line, salutation, body, and closing. Example: Subject: Congratulations on Your Well-Deserved Promotion! Dear [Colleague's Name], I was thrilled to hear about your recent promotion to [New Position]. This achievement is a testament to your hard work, dedication, and exceptional skills in [specific achievements or qualities]. I have no doubt that you will excel in your new role and continue to make significant contributions to our team. Congratulations once again on this well-deserved milestone. I look forward to seeing all that you will accomplish in your new position. Best regards, [Your Name]",,"{""clarity"": {""score"": 0.8, ""description"": ""The original prompt is clear in its intent but lacks specificity regarding the tone, length, and any particular achievements or qualities to highlight in the email."", ""suggestions"": [""Specify the desired tone (e.g., formal, informal)."", ""Include details about the colleague's achievements or qualities to highlight."", ""Indicate the preferred length of the email.""]}, ""structure"": {""score"": 0.9, ""description"": ""The prompt is straightforward and well-structured, directly asking for a congratulatory email without unnecessary complexity."", ""suggestions"": [""Maintain the simplicity and directness of the prompt.""]}, ""examples"": {""score"": 0.0, ""description"": ""No examples were provided in the original prompt."", ""suggestions"": [""Include an example of a congratulatory email to guide the tone and content.""]}, ""formatting"": {""score"": 0.9, ""description"": ""The prompt is presented in a clear, straightforward manner without any formatting issues."", ""suggestions"": [""Continue to use clear and straightforward formatting.""]}, ""output_spec"": {""score"": 0.7, ""description"": ""The prompt specifies the type of output (a congratulatory email) but does not detail the format or structure of the email."", ""suggestions"": [""Specify the format or structure of the email, such as including a subject line, salutation, body, and closing.""]}}","[""Enhance the prompt by specifying the tone, length, and any particular achievements or qualities to highlight in the email. Include an example to guide the tone and content. Specify the format or structure of the email.""]"
2025-01-28T02:17:33.162098,"Compose a congratulatory email for a colleague who just received a promotion.
","Compose a congratulatory email for a colleague who just received a promotion. The email should be formal in tone, approximately 150-200 words in length, and highlight specific achievements or qualities that contributed to their promotion. Below is an example structure for guidance:

---
Subject: Congratulations on Your Promotion!

Dear [Colleague's Name],

I was thrilled to hear about your recent promotion to [New Position]. This achievement is a testament to your hard work, dedication, and exceptional [specific quality or achievement].

[Additional paragraph with personal congratulations and well wishes for their future in the new role.]

Warm regards,
[Your Name]
---

Please respond with a draft email in markdown format.",,"{""clarity"": {""score"": 0.8, ""description"": ""The original prompt is clear in its intent but lacks specificity regarding the tone, length, and any particular achievements to highlight in the email."", ""suggestions"": [""Specify the desired tone (e.g., formal, casual)."", ""Include any specific achievements or qualities of the colleague to mention."", ""Indicate the preferred length of the email.""]}, ""structure"": {""score"": 0.9, ""description"": ""The prompt is straightforward and well-structured, directly asking for a congratulatory email without unnecessary complexity."", ""suggestions"": [""Maintain the simplicity and directness of the prompt.""]}, ""examples"": {""score"": 0.0, ""description"": ""No examples were provided in the original prompt."", ""suggestions"": [""Include an example of a congratulatory email to guide the structure and content.""]}, ""formatting"": {""score"": 0.9, ""description"": ""The prompt is presented in a clear and concise manner, though it could benefit from markdown formatting for better readability."", ""suggestions"": [""Use markdown headings to separate the task description from any additional instructions or examples.""]}, ""output_spec"": {""score"": 0.7, ""description"": ""The output specification is implied but not explicitly stated, leaving room for interpretation on the format and content of the email."", ""suggestions"": [""Explicitly state the desired output format (e.g., 'Respond with a draft email in markdown format').""]}}","[""Enhance the prompt by specifying the tone, length, and any particular achievements to highlight. Include an example to guide the structure and content. Use markdown formatting for better readability and explicitly state the desired output format.""]"
